CSR_ID,section_name,keywords_filter
A3921120,adverse event of special interest,"[dili, pregnancy, breastfeeding, occupational exposure, ectopic pregnancy, spontaneous abortion, intrauterine fetal demise, neonatal death, or congenital anomaly, miscarriage , missed abortion, ast,alt, drug induced liver injury]"
A3921120,lab values over time,"[hematology, chemistry panel , lipid panel (fasting), urinalysis, urine pregnancy test, c-reactive protein,hiv serology, hbsag, hbcab, hcv ab, prothrombin, lymphocyte, fsh, hepatitis reflex testing, urine pregnancy test, radiograph]"
A3921120,evaluation of lab parameters,"[hematology, chemistry panel , lipid panel (fasting), urinalysis, urine pregnancy test, c-reactive protein,hiv serology, hbsag, hbcab, hcv ab, prothrombin, lymphocyte, fsh, hepatitis reflex testing, urine pregnancy test, radiograph]"
A3921133,adverse event of special interest,
A3921133,lab values over time,"[chemistry, total bilirubin,direct bilirubin, indirect bilirubin, alt (sgpt), ast (sgot), creatinine, hematology, hemoglobin, hematocrit, rbc with morphology, wbc, neutrophils, lymphocytes,monocytes,eosinophils,basophils,platelets,c-reactive protein , rheumatoid factor , anticlic citrullinated, peptide antibodies ,hiv serology,hepatitis b surface antigen (hbsag),hepatitis b core antibody (hbcab),hepatitis b surface antibody (hbsab), hepatitis c virus antibody (hcv ab), hepatitis c rna, lipids, triglycerides, cholesterol, hdl, ldl, serum pregnancy, urinalysis, ph,specific gravity , protein, glucose, ketones, blood, leukocyte esterase, albumin, creatine kinase, bilirubin, alkaline phosphatase]"
A3921133,evaluation of lab parameters,"[chemistry, total bilirubin,direct bilirubin, indirect bilirubin, alt (sgpt), ast (sgot), creatinine, hematology, hemoglobin, hematocrit, rbc with morphology, wbc, neutrophils, lymphocytes,monocytes,eosinophils,basophils,platelets,c-reactive protein , rheumatoid factor , anticlic citrullinated, peptide antibodies ,hiv serology,hepatitis b surface antigen (hbsag),hepatitis b core antibody (hbcab),hepatitis b surface antibody (hbsab), hepatitis c virus antibody (hcv ab), hepatitis c rna, lipids, triglycerides, cholesterol, hdl, ldl, serum pregnancy, urinalysis, ph,specific gravity , protein, glucose, ketones, blood, leukocyte esterase, albumin, creatine kinase, bilirubin, alkaline phosphatase]"
C2501006,adverse event of special interest,
C2501006,lab values over time,"[Hematoloy, Hemoglobin, Hematocrit, RBC count, Platelet count, WBC count, Total neutrophils, Eosinophils , Monocytes , Basophils , Lymphocytes , Reticulocytes , Reticulocytes , Chemistrv, BUN'Urea and creatinine, Glucose (fasting), Calcium, Sodium, Potassium, Chloride, Total CO2 (bicarbonate), AST, ALT, Total bilirubin, Alkaline phosphatase, Uric acid, Albumin, Total protein, Creatinine Kinase, Urina sis, pH, Glucose , Protein , Blood , Ketones, Nitrites, Leukocyte esterase, Urobilinogen, Urine bilirubin, Microscopy, Urine drug screeningb, Urine cotinine test, Urine alcohol test, COVID-19 test, Hepatitis B surface antigen, Hepatitis B core antibody, Hepatitis C antibody, Human immunodeficiency, QuantiFERONS -TB Gold]"
C2501006,evaluation of lab parameters,"[Hematoloy, Hemoglobin, Hematocrit, RBC count, Platelet count, WBC count, Total neutrophils , Eosinophils , Monocytes , Basophils , Lymphocytes , Reticulocytes , Reticulocytes , Chemistrv, BUN'Urea and creatinine, Glucose (fasting), Calcium, Sodium, Potassium, Chloride, Total CO2 (bicarbonate), AST, ALT, Total bilirubin, Alkaline phosphatase, Uric acid, Albumin, Total protein, Creatinine Kinase, Urina sis, pH, Glucose , Protein , Blood , Ketones, Nitrites, Leukocyte esterase, Urobilinogen, Urine bilirubin, Microscopy, Urine drug screeningb, Urine cotinine test, Urine alcohol test, COVID-19 test, Hepatitis B surface antigen, Hepatitis B core antibody, Hepatitis C antibody, Human immunodeficiency, QuantiFERONS -TB Gold]"
C3291032,lab values over time,"[Hematology, Hemoglobin, Hematocrit, Red blood cell count, Platelet count, White blood cell count, Neutrophils, Eosinophils, Monocytes, Basophils, Lymphocytes, Chemistry, Blood urea nitrogen, Glucose, Creatinine, Sodium, Potassium, Chloride, Bicarbonate or Total CO2, Alanine aminotransferase, Aspaffate aminotransferase, Total bilirubin, Alkaline phosphatase, Albumin, Total protein, Pregnancy, Urine pregnancy test, FSH]"
C3291032,evaluation of lab parameters,"[Hematology, Hemoglobin, Hematocrit, Red blood cell count, Platelet count, White blood cell count, Neutrophils, Eosinophils, Monocytes, Basophils, Lymphocytes, Chemistry, Blood urea nitrogen, Glucose, Creatinine, Sodium, Potassium, Chloride, Bicarbonate or Total CO2, Alanine aminotransferase, Aspaffate aminotransferase, Total bilirubin, Alkaline phosphatase, Albumin, Total protein, Pregnancy, Urine pregnancy test, FSH]"
C3291038,adverse event of special interest,
C3291038,lab values over time,"[Albumin, Bicarbonate ortotal carbon dioxide (CO2), Creatinine, Total Protein, Alanine Aminotransferase (ALT), Blood urea nitrogen (BUN), Glucose (nonfasting), Sodium, Alkaline phosphatase, Calcium, Potassium, Hemoglobin A1c, Aspartate Aminotransferase (AST), Chloride, Total bilirubin]"
C3291038,evaluation of lab parameters,"[Albumin, Bicarbonate ortotal carbon dioxide (CO2), Creatinine, Total Protein, Alanine Aminotransferase (ALT), Blood urea nitrogen (BUN), Glucose (nonfasting), Sodium, Alkaline phosphatase, Calcium, Potassium, Hemoglobin A1c, Aspartate Aminotransferase (AST), Chloride, Total bilirubin]"
C415001,adverse event of special interest,
C415001,lab values over time,"[Hemoglobin, Hematocrit, RBC count, MCV, MCH, MCHC, Platelet count, count, Total neutrophils , Eosinophils , Monocytes , Basophils , Lymphocytes , Chemistry, Urea/BUN, Creatinine, eGFR, Glucose (fasting), Calcium, Sodium, Potassium, Chloride, CO2 (bicarbonate), AST, ALT, Total bilirubin, Alkaline phosphatase, Uric acid, Albumin, Total protein, hsCRP, Globulins, Albumin: Globulins, Urinalysis, pH, Glucose , Protein , Blood , Ketones, Nitrites, Leukocyte Esterase, Urobilinogen, Urine bilirubin, Microscopy, Other, At screening only:, Serum FSH, Hepatitis B surface antigen (HBsAg), Hepatitis B surface antibody (HBsAb), Hepatitis B core antibody, Hepatitis C antibody, Human immunodeficiency virus (HIV), QuantiFERON tuberculosis Gold, Fibrinogen, Urine dru test]"
C415001,evaluation of lab parameters,"[Hemoglobin, Hematocrit, RBC count, MCV, MCH, MCHC, Platelet count, count, Total neutrophils , Eosinophils , Monocytes , Basophils , Lymphocytes , Chemistry, Urea/BUN, Creatinine, eGFR, Glucose (fasting), Calcium, Sodium, Potassium, Chloride, CO2 (bicarbonate), AST, ALT, Total bilirubin, Alkaline phosphatase, Uric acid, Albumin, Total protein, hsCRP, Globulins, Albumin: Globulins, Urinalysis, pH, Glucose , Protein , Blood , Ketones, Nitrites, Leukocyte Esterase, Urobilinogen, Urine bilirubin, Microscopy, Other, At screening only:, Serum FSH, Hepatitis B surface antigen (HBsAg), Hepatitis B surface antibody (HBsAb), Hepatitis B core antibody, Hepatitis C antibody, Human immunodeficiency virus (HIV), QuantiFERON tuberculosis Gold, Fibrinogen, Urine dru test]"
C4711001,adverse event of special interest,
C4711001,lab values over time,"[Hemoglobin, Hematocrit, RBC count, MCV, MCH, MCHC, Platelet count, WBC count, Total neutrophils , Eosinophils  , Monocytes  , Basophils , Lymphocytes ,Reticulocytes Abs, BUN/urea and creatinine, Glucose (fasting), Calcium, Sodium, Potassium, Chloride, Total C02 (bicarbonate), AST, ALT, Total bilirubin, Alkaline phosphatase, Uric acid, Albumin, Total protein, pH, Glucose , Protein , Blood , Ketones, Nitrites, Leukocyte esterase, Urobilinogen, Urine bilirubin, Microscopy, COVID-19 testing, Urine drug screening, FSH, Hepatitis B surface antigen, Hepatitis B core antibody, Hepatitis C antibody, TB testing, Human immunodeficiency virus]"
C4711001,evaluation of lab parameters,"[Hemoglobin, Hematocrit, RBC count, MCV, MCH, MCHC, Platelet count, WBC count, Total neutrophils , Eosinophils  , Monocytes  , Basophils , Lymphocytes ,Reticulocytes Abs, BUN/urea and creatinine, Glucose (fasting), Calcium, Sodium, Potassium, Chloride, Total C02 (bicarbonate), AST, ALT, Total bilirubin, Alkaline phosphatase, Uric acid, Albumin, Total protein, pH, Glucose , Protein , Blood , Ketones, Nitrites, Leukocyte esterase, Urobilinogen, Urine bilirubin, Microscopy, COVID-19 testing, Urine drug screening, FSH, Hepatitis B surface antigen, Hepatitis B core antibody, Hepatitis C antibody, TB testing, Human immunodeficiency virus]"
C3941001,adverse event of special interest,
C3941001,lab values over time,"[Hemoglobin, Hematocrit, RBC count, MCV, MCH, MCHC, Platelet count, WBC count, Total neutrophils , Eosinophils  , Monocytes  , Basophils , Lymphocytes , BUN/urea and creatinine, Glucose (fasting), Calcium, Sodium, Potassium, Chloride, Total C02 (bicarbonate), AST, ALT, Total bilirubin, Alkaline phosphatase, Uric acid, Albumin, Total protein, C-reactive protein (CRP), pH, Glucose , Protein , Blood , Ketones, Nitrites, Leukocyte esterase, Urobilinogen, Urine bilirubin, Microscopy, Urine drug screening, Fibrinogen, FSH, Hepatitis B surface antigen, Hepatitis B core antibody, Hepatitis C antibody, Human immunodeficiency virus]"
C3941001,evaluation of lab parameters,"[Hemoglobin, Hematocrit, RBC count, MCV, MCH, MCHC, Platelet count, WBC count, Total neutrophils , Eosinophils  , Monocytes  , Basophils , Lymphocytes , BUN/urea and creatinine, Glucose (fasting), Calcium, Sodium, Potassium, Chloride, Total C02 (bicarbonate), AST, ALT, Total bilirubin, Alkaline phosphatase, Uric acid, Albumin, Total protein, C-reactive protein (CRP), pH, Glucose , Protein , Blood , Ketones, Nitrites, Leukocyte esterase, Urobilinogen, Urine bilirubin, Microscopy, Urine drug screening, Fibrinogen, FSH, Hepatitis B surface antigen, Hepatitis B core antibody, Hepatitis C antibody, Human immunodeficiency virus]"
C2501001,adverse event of special interest,
C2501001,lab values over time,"[Hematoloy,Hemoglobin ,Hematocrit ,RBC count ,MCV ,MCH ,MCHC ,Platelet count ,WBC count ,Total neutrophils ,Eosinophils  ,Monocytes  ,Basophils  ,Lymphocytes  ,Reticulocytes  ,Chemistry,BUN/urea and Creatinine ,Glucose (fasting) ,Calcium ,Sodium ,Potassium ,Chloride ,Total Co2 (Bicarbonate) ,AST, ALT ,Total Bilirubin ,Alkaline phosphatase ,Uric acid ,Albumin ,Total protein ,Serum Cystatin C ,Creatinine phosphokinase (for psoriasis subjects only) ,Urinalysis,pH ,Glucose  ,Protein  ,Blood  ,Ketones ,Nitrites ,Leukocyte ,esterase ,Urobilinogen ,Urine bilirubin ,Microscopy,FSH ,Urine drug screening,Fibrinogen ,Lipids: TC, TG, LDLc, HDL ,Interferon Gamma Release Assay ,(IGRA) (with the following acceptable assays: ,QuantiFERONk-TB Gold (QFT-G) ,test, T-SPOT TB, ,QuantiFERON-TB Gold In-Tube ,test (QFT-GIT),HIV, HepBsAg, HepBcAb, HCVAb,PK,6beta -hvdroxv cortisol]"
C2501001,evaluation of lab parameters,"[Hematoloy,Hemoglobin ,Hematocrit ,RBC count ,MCV ,MCH ,MCHC ,Platelet count ,WBC count ,Total neutrophils ,Eosinophils  ,Monocytes  ,Basophils  ,Lymphocytes  ,Reticulocytes  ,Chemistry,BUN/urea and Creatinine ,Glucose (fasting) ,Calcium ,Sodium ,Potassium ,Chloride ,Total Co2 (Bicarbonate) ,AST, ALT ,Total Bilirubin ,Alkaline phosphatase ,Uric acid ,Albumin ,Total protein ,Serum Cystatin C ,Creatinine phosphokinase (for psoriasis subjects only) ,Urinalysis,pH ,Glucose  ,Protein  ,Blood  ,Ketones ,Nitrites ,Leukocyte ,esterase ,Urobilinogen ,Urine bilirubin ,Microscopy,FSH ,Urine drug screening,Fibrinogen ,Lipids: TC, TG, LDLc, HDL ,Interferon Gamma Release Assay ,(IGRA) (with the following acceptable assays: ,QuantiFERONk-TB Gold (QFT-G) ,test, T-SPOT TB, ,QuantiFERON-TB Gold In-Tube ,test (QFT-GIT),HIV, HepBsAg, HepBcAb, HCVAb,PK,6beta -hvdroxv cortisol]"
C5041008,adverse event of special interest,
C5041008,lab values over time,"[HBsAg, HCV antibody (with reflex PCR), HIV, TB, Serum pregnancy test for beta-HCG (Screening, only for females of childbearing potential), Urine beta-HCG (only for females of childbearing potential), FSH (Screening, only if needed to determine postmenopausal status)), Appearance, Bilirubin, Color, Glucose, Ketones, Microscopic examination of sediment, Albumin, Alkaline phosphatase, Alanine aminotransferase, Aspartate aminotransferase, Nitrite, Occult blood, pH, Protein, Specific gravity, Urobilinogen, Bicarbonate, Blood urea nitrogen, Calcium, Chloride, Creatinine with eGFR by CKD-EPI, Creatine kinase, Gamma-glutamyl transferase, Glucose, Lactate dehydrogenase, Urine drug screen amphetamine, barbiturates, benzodiazepines, cocaine metabolites, opiates, Activated partial thromboplastin time, International Normalized Ratio, Prothrombin time, Hematocrit, Hemoglobin, Lymphocyte subsets (eg, CD4+, CDS* and NK cells), Mean corpuscular hemoglobin, Mean corpuscular hemoglobin concentration, Mean corpuscular volume, Platelet count, Red blood cell count, White blood cell count with differential, Lipase, Magnesium, Phosphorus, Potassium, Sodium, Thyroid-stimulating hormone, Thyroxine (T4) free, Total bilirubin, Triiodothyronine (T3) free, Direct bilirubin, Total cholesterol, Total protein, Triglycerides, Uric acid, Changes in cytokines and chemokines from serum samples (eg, IFN-7, IL-2, IL-12, IL-13, IL-10, IL-17)]"
C5041008,evaluation of lab parameters,"[HBsAg, HCV antibody (with reflex PCR), HIV, TB, Serum pregnancy test for beta-HCG (Screening, only for females of childbearing potential), Urine beta-HCG (only for females of childbearing potential), FSH (Screening, only if needed to determine postmenopausal status)), Appearance, Bilirubin, Color, Glucose, Ketones, Microscopic examination of sediment, Albumin, Alkaline phosphatase, Alanine aminotransferase, Aspartate aminotransferase, Nitrite, Occult blood, pH, Protein, Specific gravity, Urobilinogen, Bicarbonate, Blood urea nitrogen, Calcium, Chloride, Creatinine with eGFR by CKD-EPI, Creatine kinase, Gamma-glutamyl transferase, Glucose, Lactate dehydrogenase, Urine drug screen amphetamine, barbiturates, benzodiazepines, cocaine metabolites, opiates, Activated partial thromboplastin time, International Normalized Ratio, Prothrombin time, Hematocrit, Hemoglobin, Lymphocyte subsets (eg, CD4+, CDS* and NK cells), Mean corpuscular hemoglobin, Mean corpuscular hemoglobin concentration, Mean corpuscular volume, Platelet count, Red blood cell count, White blood cell count with differential, Lipase, Magnesium, Phosphorus, Potassium, Sodium, Thyroid-stimulating hormone, Thyroxine (T4) free, Total bilirubin, Triiodothyronine (T3) free, Direct bilirubin, Total cholesterol, Total protein, Triglycerides, Uric acid, Changes in cytokines and chemokines from serum samples (eg, IFN-7, IL-2, IL-12, IL-13, IL-10, IL-17)]"
B7981021,adverse event of special interest,
B7981021,lab values over time,"[Hematology,Hemoglobin ,Hematocrit ,RBC count ,MCV ,MCH ,MCHC ,Platelet count ,WBC count ,Total neutrophils  ,Eosinophils  ,Monocytes  ,Basophils  ,Lymphocytes  ,Chemistry,BUN/Urea and creatinine ,Glucose (fasting) ,Calcium ,Sodium ,Potassium ,Chloride ,Total C02 (bicarbonate) ,AST, ALT ,Total bilirubin ,Alkaline phosphatase ,Uric acid ,Albumin ,Total protein ,Direct bilirubin ,Indirect bilirubin ,Creatine kinase ,GGT ,PT/INR ,Urinalysis ,pH ,Glucose  ,Protein  ,Blood  ,Ketones ,Nitrites ,Leukocyte esterase ,Urobilinogen ,Urine bilirubin ,Microscopy,FSH ,Pregnancy test (beta-hCG) ,HBsAg, HBcAb and HCVAb ,QuantiFERON-TB Gold ,In-Tube Test ,Cotinine test ,Urine drug screening ,Alcohol test,eGFR (CKD-EPI) ,Pregnancy test (P-hCG)Z ,Urine drug screening ,Alcohol test ,Cotinine test]"
B7981021,evaluation of lab parameters,"[Hematology,Hemoglobin ,Hematocrit ,RBC count ,MCV ,MCH ,MCHC ,Platelet count ,WBC count ,Total neutrophils  ,Eosinophils  ,Monocytes  ,Basophils  ,Lymphocytes  ,Chemistry,BUN/Urea and creatinine ,Glucose (fasting) ,Calcium ,Sodium ,Potassium ,Chloride ,Total C02 (bicarbonate) ,AST, ALT ,Total bilirubin ,Alkaline phosphatase ,Uric acid ,Albumin ,Total protein ,Direct bilirubin ,Indirect bilirubin ,Creatine kinase ,GGT ,PT/INR ,Urinalysis ,pH ,Glucose  ,Protein  ,Blood  ,Ketones ,Nitrites ,Leukocyte esterase ,Urobilinogen ,Urine bilirubin ,Microscopy,FSH ,Pregnancy test (beta-hCG) ,HBsAg, HBcAb and HCVAb ,QuantiFERON-TB Gold ,In-Tube Test ,Cotinine test ,Urine drug screening ,Alcohol test,eGFR (CKD-EPI) ,Pregnancy test (P-hCG)Z ,Urine drug screening ,Alcohol test ,Cotinine test]"
B7931022,adverse event of special interest,
B7931022,lab values over time,"[Hematology,Hemoglobin ,Hematocrit ,RBC count and indices ,(MCH, MCHC, MCV, RBC Morphology) ,Reticulocyte count ,Platelet count ,WBC count with differential ,Total neutrophils  ,Eosinophils  ,Monocytes  ,Basophils  ,Lymphocytes  ,Chemistry,BUN/urea & Creatinine ,Cystatin C ,Glucose (fasting) ,Calcium ,Sodium ,Potassium ,Chloride ,Total Co2 (bicarbonate) ,AST, ALT ,GGT ,Total, Indirect & Direct Bilirubin ,Alkaline phosphatase ,Lactate Dehydrogenase ,Uric acid ,Albumin ,Total protein ,Creatinine Kinase,Urinalysis,pH ,Glucose  ,Protein  ,Blood  ,Ketones ,Nitrites ,Leukocyte esterase ,Urobilinogen ,Urine bilirubin ,Microscopy ,FSH,HBsAg ,HBcAb ,HbsAb,HBV DNA test (reflex tested in ,countries where required by ,local regulations) ,HCV Ab ,HCV RNAE ,IGRA or PPD,VZV lgG Ab ,Coagulation Panel (as part of Hematology) ,aPTT ,PT/INR ,Pregnancy test (beta-hCG),Skin swabs for herpetiform rash,PD Assessments ,hsCRP ,IP-10 ,TARC (CCL17) ,lgE ,Lipid Panel,Total Cholesterol ,LDL ,HDL ,Tri gIicerides]"
B7931022,evaluation of lab parameters,"[Hematology,Hemoglobin ,Hematocrit ,RBC count and indices ,(MCH, MCHC, MCV, RBC Morphology) ,Reticulocyte count ,Platelet count ,WBC count with differential ,Total neutrophils  ,Eosinophils  ,Monocytes  ,Basophils  ,Lymphocytes  ,Chemistry,BUN/urea & Creatinine ,Cystatin C ,Glucose (fasting) ,Calcium ,Sodium ,Potassium ,Chloride ,Total Co2 (bicarbonate) ,AST, ALT ,GGT ,Total, Indirect & Direct Bilirubin ,Alkaline phosphatase ,Lactate Dehydrogenase ,Uric acid ,Albumin ,Total protein ,Creatinine Kinase,Urinalysis,pH ,Glucose  ,Protein  ,Blood  ,Ketones ,Nitrites ,Leukocyte esterase ,Urobilinogen ,Urine bilirubin ,Microscopy ,FSH,HBsAg ,HBcAb ,HbsAb,HBV DNA test (reflex tested in ,countries where required by ,local regulations) ,HCV Ab ,HCV RNAE ,IGRA or PPD,VZV lgG Ab ,Coagulation Panel (as part of Hematology) ,aPTT ,PT/INR ,Pregnancy test (beta-hCG),Skin swabs for herpetiform rash,PD Assessments ,hsCRP ,IP-10 ,TARC (CCL17) ,lgE ,Lipid Panel,Total Cholesterol ,LDL ,HDL ,Tri gIicerides]"
B7981020,adverse event of special interest,
B7981020,lab values over time,"[Hematology ,Hemoglobin ,Hematocrit ,RBC count ,MCV ,MCH ,MCHC ,Platelet count ,WBC count ,Total neutrophils  ,Eosinophils  ,Monocytes  ,Basophils  ,Lymphocytes ,Chemistry ,BUN/urea and creatinine ,Glucose (fasting) ,Calcium ,Sodium ,Potassium ,Chloride ,Total Co2 (bicarbonate) ,AST, ALT ,Total bilirubin,Alkaline phosphatase ,Albumin ,Total protein ,Uric acid ,Creatine kinase ,Direct bilirubin,Indirect bilirubin,GGT ,PT/INR ,Total bile acids ,Urinalysis ,pH ,Glucose  ,Protein  ,Blood  ,Ketones ,Nitrites ,Leukocyte esterase ,Urobilinogen ,Urine bilirubin,Microscopy ,FSH,Pregnancy test ,(beta-hCG),eGFR ,HBsAg ,HBcAb ,HbsAb ,HCVA1 ,QuantiFERON-TB ,Gold Test or PPD ,Breath or urine alcohol test,Urine drug screening ,Urine myoglobin]"
B7981020,evaluation of lab parameters,"[Hematology ,Hemoglobin ,Hematocrit ,RBC count ,MCV ,MCH ,MCHC ,Platelet count ,WBC count ,Total neutrophils  ,Eosinophils  ,Monocytes  ,Basophils  ,Lymphocytes ,Chemistry ,BUN/urea and creatinine ,Glucose (fasting) ,Calcium ,Sodium ,Potassium ,Chloride ,Total Co2 (bicarbonate) ,AST, ALT ,Total bilirubin,Alkaline phosphatase ,Albumin ,Total protein ,Uric acid ,Creatine kinase ,Direct bilirubin,Indirect bilirubin,GGT ,PT/INR ,Total bile acids ,Urinalysis ,pH ,Glucose  ,Protein  ,Blood  ,Ketones ,Nitrites ,Leukocyte esterase ,Urobilinogen ,Urine bilirubin,Microscopy ,FSH,Pregnancy test ,(beta-hCG),eGFR ,HBsAg ,HBcAb ,HbsAb ,HCVA1 ,QuantiFERON-TB ,Gold Test or PPD ,Breath or urine alcohol test,Urine drug screening ,Urine myoglobin]"
B7981018,adverse event of special interest,
B7981018,lab values over time,"[Hematology ,Hemoglobin  ,Hematocrit  ,RBC count  ,MCV  ,MCH  ,MCHC  ,Platelet count  ,WBC count  ,Total neutrophils (Abs and  ,Eosinophils   ,Monocytes  and % ,Basophils   ,Lymphocytes   ,PT/INR/PTT  ,Chemistry ,BUN/urea and creatinine  ,Glucose (fasting)  ,Calcium  ,Sodium  ,Potassium  ,Chloride  ,Total Co2 (bicarbonate)  ,AST, ALT  ,Total bilirubin  ,Alkaline phosphatase  ,Albumin  ,Total protein  ,Lipid profiles  ,Creatine kinase (CK)  ,Additional Tests  ,AST, ALT   ,Total bilirubin   ,Albumin   ,Alkaline phosphatase   ,Direct bilirubin  ,Indirect bilirubin  ,Creatine kinase   ,GGT  ,PT/INR repeat  ,Urinalysis  ,pH  ,Glucose   ,Protein   ,Blood   ,Ketones  ,Nitrites  ,Leukocyte esterase  ,Urobilinogen  ,Urine bilirubin ,Microscopy ,FSH ,Urine drug screening  ,Serology HIV  ,HepBsAg, HepBsAb,  ,HepBcAb, HCVAb  ,IGRA ,Urine pregnancy test ,Urine nicotine test ,Urine (or breath) alcohol test]"
B7981018,evaluation of lab parameters,"[Hematology ,Hemoglobin  ,Hematocrit  ,RBC count  ,MCV  ,MCH  ,MCHC  ,Platelet count  ,WBC count  ,Total neutrophils (Abs and  ,Eosinophils   ,Monocytes  and % ,Basophils   ,Lymphocytes   ,PT/INR/PTT  ,Chemistry ,BUN/urea and creatinine  ,Glucose (fasting)  ,Calcium  ,Sodium  ,Potassium  ,Chloride  ,Total Co2 (bicarbonate)  ,AST, ALT  ,Total bilirubin  ,Alkaline phosphatase  ,Albumin  ,Total protein  ,Lipid profiles  ,Creatine kinase (CK)  ,Additional Tests  ,AST, ALT   ,Total bilirubin   ,Albumin   ,Alkaline phosphatase   ,Direct bilirubin  ,Indirect bilirubin  ,Creatine kinase   ,GGT  ,PT/INR repeat  ,Urinalysis  ,pH  ,Glucose   ,Protein   ,Blood   ,Ketones  ,Nitrites  ,Leukocyte esterase  ,Urobilinogen  ,Urine bilirubin ,Microscopy ,FSH ,Urine drug screening  ,Serology HIV  ,HepBsAg, HepBsAb,  ,HepBcAb, HCVAb  ,IGRA ,Urine pregnancy test ,Urine nicotine test ,Urine (or breath) alcohol test ,]"
B7981017,adverse event of special interest,
B7981017,lab values over time,"[Hematology ,Hemoglobin  ,Hematocrit  ,RBC count  ,MCV  ,MCH  ,MCHC  ,Platelet count  ,WBC count  ,Total neutrophils   ,Eosinophils   ,Monocytes   ,Basophils   ,Lymphocytes   ,Chemistry ,BUN/urea and creatinine  ,Glucose (fasting)  ,Calcium  ,Sodium  ,Potassium  ,Chloride  ,Total Co2 (bicarbonate)  ,AST, ALT  ,Total bilirubin  ,Alkaline phosphatase  ,Uric acid  ,Albumin  ,Total protein  ,Creatine kinase  ,Urinalysis  ,Glucose   ,Protein   ,Blood   ,Ketones  ,Nitrites  ,Leukocyte esterase  ,Urobilinogen  ,Urine bilirubin  ,Microscopy  ,Urine drug screening ,Pregnancy test  ,(beta-hCG) ,Egfr  ,Viral, Screens: CMV  ,EBV, HSV 1 & 2, VZV  ,FSH ,Hepatitis B surface antigen  ,Hepatitis B core  ,Antibody  ,Hepatitis C antibody  ,Human immunodeficiency  ,QuantiFERON TB Test IGRA]"
B7981017,evaluation of lab parameters,"[Hematology ,Hemoglobin  ,Hematocrit  ,RBC count  ,MCV  ,MCH  ,MCHC  ,Platelet count  ,WBC count  ,Total neutrophils   ,Eosinophils   ,Monocytes   ,Basophils   ,Lymphocytes   ,Chemistry ,BUN/urea and creatinine  ,Glucose (fasting)  ,Calcium  ,Sodium  ,Potassium  ,Chloride  ,Total Co2 (bicarbonate)  ,AST, ALT  ,Total bilirubin  ,Alkaline phosphatase  ,Uric acid  ,Albumin  ,Total protein  ,Creatine kinase  ,Urinalysis  ,Glucose   ,Protein   ,Blood   ,Ketones  ,Nitrites  ,Leukocyte esterase  ,Urobilinogen  ,Urine bilirubin  ,Microscopy  ,Urine drug screening ,Pregnancy test  ,(beta-hCG) ,Egfr  ,Viral, Screens: CMV  ,EBV, HSV 1 & 2, VZV  ,FSH ,Hepatitis B surface antigen  ,Hepatitis B core  ,Antibody  ,Hepatitis C antibody  ,Human immunodeficiency  ,QuantiFERON TB Test IGRA]"
B7981016,adverse event of special interest,
B7981016,lab values over time,"[Hemoglobin,RBC count,MCH,MCHC,Platelet Count,WBC count,Total neutrophils ,Eosinophils ,Monocytes ,Basophils ,Lymphocytes ,Chemistry,BUN,urea, creatinine,Glucose (fasting),Calcium,Sodium,Potassium,Chloride,Total C02 (bicarbonate),AST, ALT,total bilirubin,Alkaline phosphatase,Uric acid,Albumin,Total protein,Additional Test,Total bilirubin ,Albumin ,Alkaline phosphatase,Direct bilirubin,Indirect bilirubin,Creatine kinase,pH,Glucose,Protein ,Blood,Ketones,Nitrites,Leukocyte esterase,Urobilinogen,Urine bilirubin,Microscopy,Other,At screenine only,FSH,Urine drug testing,Hepatitis Screening,HBsAg ,HBcAh,HCVAbd,Human immunodeficiency virus,QuantiFERON-TB Gold Test,or PPD,eGFR-CKD-EP1,Breath alcohole]"
B7981016,evaluation of lab parameters,"[Hemoglobin,RBC count,MCH,MCHC,Platelet Count,WBC count,Total neutrophils ,Eosinophils ,Monocytes ,Basophils ,Lymphocytes ,Chemistry,BUN,urea, creatinine,Glucose (fasting),Calcium,Sodium,Potassium,Chloride,Total C02 (bicarbonate),AST, ALT,total bilirubin,Alkaline phosphatase,Uric acid,Albumin,Total protein,Additional Test,Total bilirubin ,Albumin ,Alkaline phosphatase,Direct bilirubin,Indirect bilirubin,Creatine kinase,pH,Glucose,Protein ,Blood,Ketones,Nitrites,Leukocyte esterase,Urobilinogen,Urine bilirubin,Microscopy,Other,At screenine only,FSH,Urine drug testing,Hepatitis Screening,HBsAg ,HBcAh,HCVAbd,Human immunodeficiency virus,QuantiFERON-TB Gold Test,or PPD,eGFR-CKD-EP1,Breath alcohole]"
B7931014,adverse event of special interest,
B7931014,lab values over time,"[Hematology,Hemoglobin,RBC count,Platelet count,count,Total neutrophils ,Eosinophils ,Monocytes,Basophils  ,Chemistrv,BUN/Urea and Creatinine,Glucose ( fasting),Cystatin-C,Total CO: (Bicarbonate),AST, ALT,Total Bilirubin,Alkaline phosphatase,Uric acid,Total protein,Magnesium,Inorganic Pho, Hv' s law,AST, ALT ,Total Bilirubin ,Albumin ,Alkaline phosphatase,Direct Bilirubin,Indirect Bilirubin,Total bile acids,Acetaminophen drug,protein,pH,Glucose ,Protein,Blood ,Leukocyte esterase,Urobilinogen,Urine bilirubin,Urine drug screening,Serology Hepatitis B,QuantiFERONt-TB Gold,Urine alcohol screenings,Urine cotinine screenings]"
B7931014,evaluation of lab parameters,"[Hematology,Hemoglobin,RBC count,Platelet count,count,Total neutrophils ,Eosinophils ,Monocytes,Basophils  ,Chemistrv,BUN/Urea and Creatinine,Glucose ( fasting),Cystatin-C,Total CO: (Bicarbonate),AST, ALT,Total Bilirubin,Alkaline phosphatase,Uric acid,Total protein,Magnesium,Inorganic Pho, Hv' s law,AST, ALT ,Total Bilirubin ,Albumin ,Alkaline phosphatase,Direct Bilirubin,Indirect Bilirubin,Total bile acids,Acetaminophen drug,protein,pH,Glucose ,Protein,Blood ,Leukocyte esterase,Urobilinogen,Urine bilirubin,Urine drug screening,Serology Hepatitis B,QuantiFERONt-TB Gold,Urine alcohol screenings,Urine cotinine screenings]"
B7981015,adverse event of special interest,
B7981015,lab values over time,"[Hematology,Red blood Count,Platelet count,White blood cell Count,Total neutrophils,Basophils,Eosinophils,Lymphocytes,Monocytes,Reticulocyte count,Serum Chemistry,BUN or Urea,Glucose,Sodium,Potassium,Total C02 or Bicarbonate,Total bilirubin,Direct and indirect bilirubin,Alkaline phosphatase,Uric acid,Total protein,Follow-up testing for,Potential DILI cases,Urinalysis,Glucose,Protein,Blood,Nitrites,Leukocyte esterase,Urine,Microscopy,Urine culture,Other,FSH,Pregnancy tests,HIV,HBsAg,HBcAb,HBsAb,HBVDNA,HCV Ab,HCVRNA,VZV lgG Abi,OFT-G test or T-spot testk,Viral screen,Ig subtypes,Skin biopsies/swabs,IP-l0,Fasting lipid profile,T cell, B cell and NK cell subsets]"
B7981015,evaluation of lab parameters,"[Hematology,Red blood Count,Platelet count,White blood cell Count,Total neutrophils,Basophils,Eosinophils,Lymphocytes,Monocytes,Reticulocyte count,Serum Chemistry,BUN or Urea,Glucose,Sodium,Potassium,Total C02 or Bicarbonate,Total bilirubin,Direct and indirect bilirubin,Alkaline phosphatase,Uric acid,Total protein,Follow-up testing for,Potential DILI cases,Urinalysis,Glucose,Protein,Blood,Nitrites,Leukocyte esterase,Urine,Microscopy,Urine culture,Other,FSH,Pregnancy tests,HIV,HBsAg,HBcAb,HBsAb,HBVDNA,HCV Ab,HCVRNA,VZV lgG Abi,OFT-G test or T-spot testk,Viral screen,Ig subtypes,Skin biopsies/swabs,IP-l0,Fasting lipid profile,T cell, B cell and NK cell subsets]"
B7981011,adverse event of special interest,
B7981011,lab values over time,"[hematology,hemoglobin,hematocrit,rbc count,mcv,mch,mc-hc,platelet count,count,total neutrophils,eosinophils ,monocytes ,basophils ,lymphocytes (abs and,pt/inr/aptt,chemistry,bun/urea and creatinine,glucose (fasting),calcium,sodium,potassium,chloride,total c02 (bicarbonate),ast, alt,total bilirubin,alkaline phosphatase,uric acid,albumin,total protein,creatine kinase (ck),lipid profile,additional tests,(needed for hy's law),ast,alt ,total bilirubin ,albumin ,alkaline phosphatase ,direct bilirubin,indirect bilirubin,ggt,pt/inr/aptt,total bile acids,urinalysis,ph,glucose ,protein ,blood ,ketones,nitrites,leukocyte esterase,urobilinogen,urine bilirubin,micros copyb,other,urine drug screening,serology: hiv, hbsag,,hbcab, hcvab,quantiferone-tb,gold test,urine alcohol screening,urine cotinine screening]"
B7981011,evaluation of lab parameters,"[hematology,hemoglobin,hematocrit,rbc count,mcv,mch,mc-hc,platelet count,count,total neutrophils,eosinophils ,monocytes ,basophils ,lymphocytes (abs and,pt/inr/aptt,chemistry,bun/urea and creatinine,glucose (fasting),calcium,sodium,potassium,chloride,total c02 (bicarbonate),ast, alt,total bilirubin,alkaline phosphatase,uric acid,albumin,total protein,creatine kinase (ck),lipid profilesa,additional tests,(needed for hy's law),ast,alt ,total bilirubin ,albumin ,alkaline phosphatase ,direct bilirubin,indirect bilirubin,ggt,pt/inr/aptt,total bile acids,urinalysis,ph,glucose ,protein ,blood ,ketones,nitrites,leukocyte esterase,urobilinogen,urine bilirubin,micros copyb,other,urine drug screening,serology: hiv, hbsag,,hbcab, hcvab,quantiferone-tb,gold test,urine alcohol screening,urine cotinine screening]"
B7921023,adverse event of special interest,
B7921023,lab values over time,"[Hemoglobin, Hematocrit, RBC count, MCV, MCH, MCHC, Platelet count, WBC count, Total neutrophils , Eosinophils  , Monocytes  , Basophils , Lymphocytes ,Reticulocyte, Partial thromboplastin time (PTT), Prothrombin time (PT), BUN/urea and creatinine, Glucose (fasting), Calcium, Sodium, Potassium, Chloride, Total C02 (bicarbonate), AST, ALT, Total bilirubin, Alkaline phosphatase, Uric acid, Albumin, Total protein, Serum myoglobin, Lipid profiles, Cardiac troponin-I (cTn-I), CK and CK-MB, pH, Glucose , Protein , Blood , Ketones, Nitrites, Leukocyte esterase, Urobilinogen, Urine bilirubin, Microscopy, Color and clarity, Specific gravity, Urine Culture, FSH, Pregnancy test (b-hCG), Hepatitis B surface antigen, HepBc Ab, Hepatitis C antibody, HCV RNA, QuantiFERON TB Gold test, HIV]"
B7921023,evaluation of lab parameters,"[Hemoglobin, Hematocrit, RBC count, MCV, MCH, MCHC, Platelet count, WBC count, Total neutrophils , Eosinophils  , Monocytes  , Basophils , Lymphocytes ,Reticulocyte, Partial thromboplastin time (PTT), Prothrombin time (PT), BUN/urea and creatinine, Glucose (fasting), Calcium, Sodium, Potassium, Chloride, Total C02 (bicarbonate), AST, ALT, Total bilirubin, Alkaline phosphatase, Uric acid, Albumin, Total protein, Serum myoglobin, Lipid profiles, Cardiac troponin-I (cTn-I), CK and CK-MB, pH, Glucose , Protein , Blood , Ketones, Nitrites, Leukocyte esterase, Urobilinogen, Urine bilirubin, Microscopy, Color and clarity, Specific gravity, Urine Culture, FSH, Pregnancy test (b-hCG), Hepatitis B surface antigen, HepBc Ab, Hepatitis C antibody, HCV RNA, QuantiFERON TB Gold test, HIV]"
B7931010,adverse event of special interest,
B7931010,lab values over time,"Hematology (Hemoglobin, Hematocrit, RBC count, MCV, MCH, MCHC, Platelet count, WBC count, Total neutrophils , Eosinophils , Monocytes , Basophils , Lymphocytes )
Chemistry (BUN/urea and creatinine, Glucose (fasting), Calcium, Sodium, Potassium, Chloride, Total CO2 (bicarbonate), AST, ALT, Total bilirubin, Alkaline phosphatase, Uric acid, Albumin, Total protein, Serum cystatin)
Urinalysis (pH, Glucose , Protein , Blood , Ketones, Nitrites, Leukocyte esterase, Urobilinogen, Urine bilirubin, Microscopye)
Other (At screening only: FSH, Pregnancy test, urine drug screen,  eGFR calculation using MDRD)
Serology (Hepatitis B surface antigen, HepBc Abd, Hepatitis C antibody or HCV RNAd, HIV)
Additional (ALT, AST, Total bilirubin, Albumin, Alkaline phoshatase, direct bilitubin, indirect bilirunin, creatine kinase, GGT, PT/INR, total bile acids)"
B7931010,evaluation of lab parameters,"Hematology (Hemoglobin, Hematocrit, RBC count, MCV, MCH, MCHC, Platelet count, WBC count, Total neutrophils , Eosinophils , Monocytes , Basophils , Lymphocytes )
Chemistry (BUN/urea and creatinine, Glucose (fasting), Calcium, Sodium, Potassium, Chloride, Total CO2 (bicarbonate), AST, ALT, Total bilirubin, Alkaline phosphatase, Uric acid, Albumin, Total protein, Serum cystatin)
Urinalysis (pH, Glucose , Protein , Blood , Ketones, Nitrites, Leukocyte esterase, Urobilinogen, Urine bilirubin, Microscopye)
Other (At screening only: FSH, Pregnancy test, urine drug screen,  eGFR calculation using MDRD)
Serology (Hepatitis B surface antigen, HepBc Abd, Hepatitis C antibody or HCV RNAd, HIV)
Additional (ALT, AST, Total bilirubin, Albumin, Alkaline phoshatase, direct bilitubin, indirect bilirunin, creatine kinase, GGT, PT/INR, total bile acids)"
B7451050,adverse event of special interest,
B7451050,lab values over time,"[hematology, platelet count, red blood cell (rbc), count hemoglobin, hematocrit, 
chemistry,albumin, alkaline, phosphatase, alt, ast, blood urea, nitrogen,  calcium, chloride, creatine, creatinine,  ggt, glucose , ldh, phosphokinase, phosphorus, potassiumsodium, total co2, total protein, total, indirect, and direct, bilirubin, uric acid,
lipid ,hdl, ldl , total cholesterol , triglycerides,
urinalysis,ph, glucose, protein, blood, ketones, nitrites, leukocyte esterase, microscopic and/or culture examination (if blood or protein is abnormal)), hiv, hbsag, hbcab, hbsab, hbv dna, hcvab, hcv rna,serum pregnancy ,urine pregnancy , qft-g,ppd/,tb test,baseline infection studies,additional infection studies, hscrp9,lymphocyte,cd4+ t-cells ,cd8+ t-cells ,nk cells , b-cells ,urine pregnancy test, c-reactive protein,hiv serology, hbsag, hbcab, hcv ab, prothrombin, lymphocyte, fsh, hepatitis reflex testing, urine pregnancy test]"
B7451050,evaluation of lab parameters,"[hematology, platelet count, red blood cell (rbc), count hemoglobin, hematocrit, 
chemistry,albumin, alkaline, phosphatase, alt, ast, blood urea, nitrogen,  calcium, chloride, creatine, creatinine,  ggt, glucose , ldh, phosphokinase, phosphorus, potassiumsodium, total co2, total protein, total, indirect, and direct, bilirubin, uric acid,
lipid ,hdl, ldl , total cholesterol , triglycerides,
urinalysis,ph, glucose, protein, blood, ketones, nitrites, leukocyte esterase, microscopic and/or culture examination (if blood or protein is abnormal)), hiv, hbsag, hbcab, hbsab, hbv dna, hcvab, hcv rna,serum pregnancy ,urine pregnancy , qft-g,ppd/,tb test,baseline infection studies,additional infection studies, hscrp9,lymphocyte,cd4+ t-cells ,cd8+ t-cells ,nk cells , b-cells ,urine pregnancy test, c-reactive protein,hiv serology, hbsag, hbcab, hcv ab, prothrombin, lymphocyte, fsh, hepatitis reflex testing, urine pregnancy test]"
